Pt,Pd,Au,Ir,k,V0,u1,s1,A1,A2,File
0.2717,0.3499,0.3062,0.0721,16.995497181457146,1.6979415028003568,1.2129375917461238,0.1370921972507837,0.04718803926192708,0.017473681935316426,Run10-2-spot1.DTA.csv
0.1157,0.2288,0.4342,0.2213,9.410223584884928,1.6259062996796292,1.4194854319923185,0.10674615399901728,0.03889994525429527,0.011435912631457218,Run10-2-spot10.DTA.csv
0.0897,0.232,0.3647,0.3153,10.852257385560412,1.6007270937385507,1.438358727292353,0.1190994176796181,0.050902001362448615,0.021002934526064974,Run10-2-spot11.DTA.csv
0.0674,0.2104,0.295,0.4272,11.225475001071146,1.5697136985049165,1.4283664325405967,0.1213235144420779,0.05267616189955497,0.022676046628757076,Run10-2-spot12.DTA.csv
0.4335,0.1981,0.328,0.0403,13.637077315990497,1.7324328044055735,1.2396952187208052,0.08131776237203536,0.04968364302277131,0.0026029029205056962,Run10-2-spot13.DTA.csv
0.3259,0.1963,0.4102,0.0677,12.480285344971309,1.7257784123942463,1.230624243150103,0.09938323256444932,0.05160446849152991,0.0040000786212715895,Run10-2-spot14.DTA.csv
0.2328,0.1835,0.4858,0.0979,12.492400061432223,1.7283342684051253,1.3225888050063315,0.14156481035682547,0.06151097742966686,0.0025123400902134015,Run10-2-spot15.DTA.csv
0.1246,0.168,0.5033,0.204,8.651584075484607,1.7069448477626712,1.3878500409301258,0.07713012457223159,0.06557825826125915,0.011193378348771581,Run10-2-spot17.DTA.csv
0.0935,0.1705,0.4324,0.3036,9.226845974578616,1.6652996285576296,1.4415657845116807,0.12376857679948164,0.04538441418894735,0.0151298386317768,Run10-2-spot18.DTA.csv
0.0711,0.1614,0.345,0.4226,10.910887830706184,1.583866950105117,1.4354382516107762,0.1216983533508275,0.053328779901466866,0.02239529046050135,Run10-2-spot19.DTA.csv
0.1951,0.3545,0.347,0.1035,11.365304561713131,1.7040979304895554,1.2992921209332517,0.11199169432125948,0.06049557219096123,0.006342456919499307,Run10-2-spot2.DTA.csv
0.4831,0.1529,0.3268,0.0373,11.95218778112519,1.9239686078704554,1.5999999999999999,0.095361808837969,0.17668272567994978,0.0059350158705973296,Run10-2-spot20.DTA.csv
0.3653,0.1601,0.4174,0.0572,12.2247980091223,1.7299984577063778,1.264790300634595,0.10536239945819748,0.050424009200668904,0.0017781175605836338,Run10-2-spot21.DTA.csv
0.2529,0.1478,0.5112,0.0881,11.769891148490688,1.7323844230233494,1.3455297315829111,0.0612477173711697,0.04746668373591533,0.0021584240958870495,Run10-2-spot22.DTA.csv
0.1751,0.1289,0.5691,0.1269,10.742518611126732,1.7108178784393377,1.3638818187185842,0.05834944721390268,0.04625154834253484,0.005296481137278056,Run10-2-spot23.DTA.csv
0.1295,0.1213,0.5666,0.1826,10.288015458768792,1.7149517101400595,1.379200055196064,0.06808743493719163,0.057463163386319085,0.00796683626307263,Run10-2-spot24.DTA.csv
0.0971,0.124,0.504,0.2749,9.023920621941,1.672442267146104,1.4198010185849805,0.10238189735607893,0.05100246411655557,0.013281037181724652,Run10-2-spot25.DTA.csv
0.0767,0.126,0.4065,0.3907,10.814286669205384,1.59374513780212,1.4336654071953467,0.11568452822171067,0.05114681382937642,0.019537744630617696,Run10-2-spot26.DTA.csv
0.5273,0.1176,0.3237,0.0314,13.184915906733346,1.6929026870456543,1.221245308914472,0.08298683866449878,0.03937805808192867,0.004400599128387302,Run10-2-spot27.DTA.csv
0.4087,0.1258,0.4146,0.0509,12.853755569692353,1.7356374351752923,1.229232585506645,0.09310236630630697,0.053569309659393265,0.0027286667320384423,Run10-2-spot28.DTA.csv
0.2973,0.1163,0.5138,0.0726,12.071123638619808,1.7386349799353757,1.3049199147312667,0.12497867039444947,0.0577755484717891,0.0021416781125942323,Run10-2-spot29.DTA.csv
0.1444,0.3373,0.3648,0.1535,12.958795198198686,1.7269719172685236,1.4000951350868749,0.1997668379531881,0.061993845219089856,0.016836681421979482,Run10-2-spot3.DTA.csv
0.1975,0.0984,0.5921,0.1119,11.581027421293221,1.7273314611427233,1.3587970477816633,0.0619561269276399,0.05802594083285838,0.0037992838695480938,Run10-2-spot30.DTA.csv
0.1397,0.0928,0.6118,0.1556,10.059565133317635,1.6894560309508715,1.3863887286395147,0.0733425825960715,0.042495515000166954,0.007706377660927603,Run10-2-spot31.DTA.csv
0.1046,0.0912,0.5719,0.2323,8.61732541974225,1.717487389765475,1.400022771892403,0.08305386047041965,0.06278179381395187,0.011909452856768536,Run10-2-spot32.DTA.csv
0.0831,0.0973,0.4826,0.337,9.969659759403477,1.6419100601638992,1.446819639138635,0.12436669150550318,0.04693279038378845,0.01735479391731128,Run10-2-spot33.DTA.csv
0.5665,0.095,0.3169,0.0216,11.498448322843121,1.6941380489949627,1.2464689699136517,0.08681170749028004,0.02900184668284651,0.0011638654301394684,Run10-2-spot34.DTA.csv
0.4542,0.1072,0.3981,0.0405,12.096077146893046,1.7395803569774464,1.2503403366054153,0.09718956467190179,0.05034305218545507,0.001120947276633496,Run10-2-spot35.DTA.csv
0.3267,0.1005,0.5033,0.0695,12.701391519531457,1.7321125738347358,1.3171744223224802,0.19623961885228458,0.048698751621442535,0.0008736201303622103,Run10-2-spot36.DTA.csv
0.2258,0.0858,0.5901,0.0984,12.20408091908582,1.7346753385089864,1.3476670372999264,0.04901025440619256,0.059308307642870414,0.0023214320130619825,Run10-2-spot37.DTA.csv
0.1493,0.0806,0.6372,0.1329,12.148023817951643,1.714796673652757,1.3654011238528228,0.05069915367540411,0.057417599058931165,0.005421889529749979,Run10-2-spot38.DTA.csv
0.1098,0.0749,0.626,0.1894,11.03071020930997,1.7088113792383797,1.380461905125092,0.06089475416969279,0.05618132522929456,0.007644206089558664,Run10-2-spot39.DTA.csv
0.1071,0.3289,0.3434,0.2206,8.966808483292166,1.6969943610258418,1.4031803610974742,0.129986232566548,0.06304972632056063,0.016191134864077274,Run10-2-spot4.DTA.csv
0.0868,0.0861,0.555,0.2721,9.087176800182581,1.6726305088867182,1.4292716511923726,0.10274948033330114,0.05060626145250578,0.01357542287212522,Run10-2-spot40.DTA.csv
0.4761,0.092,0.3936,0.0383,11.874035718800446,1.6805950831315866,1.2576819869646159,0.11242878603411266,0.023152972797853257,0.001108402958242094,Run10-2-spot41.DTA.csv
0.3729,0.0909,0.4797,0.0566,12.456182545887103,1.7100036435759949,1.2658909623938197,0.11622752519010679,0.03530531777926435,0.0014139052165336597,Run10-2-spot42.DTA.csv
0.2573,0.0782,0.5824,0.0821,12.765191759956314,1.727737155576176,1.3567771069037504,0.048831588841626035,0.05286016649680155,0.002587002917504725,Run10-2-spot43.DTA.csv
0.17,0.0678,0.6538,0.1084,12.265660671868012,1.721499928715998,1.3647376294757065,0.04986447360485638,0.0560531635351601,0.004804937776103133,Run10-2-spot44.DTA.csv
0.1232,0.0679,0.6599,0.149,11.868373726410763,1.7036968481273538,1.3738015285005667,0.05602015954561524,0.053696156075013136,0.007355394884683747,Run10-2-spot45.DTA.csv
0.0807,0.3088,0.3047,0.3059,16.65865203932002,1.7819172982700842,1.532577422712244,0.26487315698181263,0.05607475034239167,0.029539821695983324,Run10-2-spot5.DTA.csv
0.3943,0.2626,0.3045,0.0386,12.60547401485723,1.7264571221717993,1.231719985510464,0.07854441005793888,0.05585164132965251,0.0061718468057661785,Run10-2-spot6.DTA.csv
0.2968,0.2589,0.3731,0.0712,11.604945448372774,1.7252954228129032,1.2470946384087267,0.10326120582529379,0.059216913263082996,0.004048282792454176,Run10-2-spot7.DTA.csv
0.2161,0.2553,0.429,0.1026,10.624385294774795,1.713605241680797,1.3346783983123118,0.07092609046799941,0.05971073294748206,0.004048845096407445,Run10-2-spot8.DTA.csv
0.1599,0.245,0.4481,0.1471,9.585632040025963,1.7027543714320732,1.3662442627458278,0.07009649299783251,0.05805319938680573,0.006988220645653999,Run10-2-spot9.DTA.csv
0.1465,0.5444,0.0746,0.2346,8.683367349785916,1.6723280352860912,1.3722360599227124,0.10407542525952716,0.06600737497703463,0.011085082584580267,Run12-spot1.DTA.csv
0.0624,0.376,0.2307,0.3309,9.40731982050909,1.6259990631539845,1.423879677901954,0.10831264780478275,0.07248892118896996,0.018748214021951818,Run12-spot10.DTA.csv
0.0447,0.3377,0.3148,0.3028,8.66469680450463,1.6716931568324014,1.403967096688679,0.09520609324266872,0.08249111522851528,0.018170132523228678,Run12-spot11.DTA.csv
0.0312,0.2852,0.3979,0.2857,8.943041668179038,1.691222382947052,1.3968337918763423,0.08205622016328389,0.09034725439235844,0.01686349819157211,Run12-spot12.DTA.csv
0.267,0.3257,0.0547,0.3526,8.61039128910489,1.6856361535442663,1.4040147099609201,0.10037321545691023,0.08064153923600975,0.014140624981134269,Run12-spot13.DTA.csv
0.2019,0.3251,0.0794,0.3937,8.952610118348433,1.6475591332066524,1.4165477180442816,0.10922932102294458,0.0739729875123898,0.01800723671306562,Run12-spot14.DTA.csv
0.1513,0.3178,0.1059,0.4251,8.838416776309893,1.6392917846480959,1.4173802060441898,0.10917523224567088,0.06537415224980057,0.016635160739321083,Run12-spot15.DTA.csv
0.109,0.3007,0.1574,0.4329,9.239170563469399,1.6450452438557728,1.4228849306283478,0.10480443182905462,0.06231706802027125,0.014507701090974632,Run12-spot16.DTA.csv
0.0715,0.271,0.2303,0.4273,9.569811427531846,1.636836547291702,1.4350853978463425,0.11717266142296784,0.07200154436829394,0.02234411844195234,Run12-spot17.DTA.csv
0.0474,0.2412,0.3196,0.3919,9.582794094199157,1.638866131278393,1.4343355309246086,0.11553492120665756,0.06498153153619395,0.021256728483395347,Run12-spot18.DTA.csv
0.0342,0.2018,0.416,0.3479,8.896029472244706,1.6906788335887184,1.4099455549148303,0.09332216132684663,0.08161960919921989,0.019686737073735198,Run12-spot19.DTA.csv
0.1082,0.5551,0.0943,0.2423,8.71000893397847,1.686561889785861,1.3727028119631026,0.08372015617174679,0.06921085137012616,0.009730365228742346,Run12-spot2.DTA.csv
0.3097,0.2335,0.0468,0.4101,11.190666998722493,1.6734936994451828,1.4362092767968355,0.12077610418034243,0.05679219696181048,0.01656858066216458,Run12-spot20.DTA.csv
0.3274,0.2254,0.0686,0.3986,8.952236607542599,1.648492354578873,1.427752270638354,0.11705045343057507,0.06569864359886214,0.015577165136966227,Run12-spot21.DTA.csv
0.1704,0.2235,0.0999,0.5062,7.900183876942845,1.7179230433053951,1.448672565351248,0.13002819005842378,0.08154743439572232,0.019499591874721212,Run12-spot22.DTA.csv
0.1216,0.2101,0.1388,0.5296,8.12423494440642,1.710626904302439,1.4367078679726297,0.12055349051482445,0.055210627637443103,0.014219646161871581,Run12-spot23.DTA.csv
0.0782,0.1889,0.2009,0.532,9.601107804391575,1.633444467934791,1.4301750856034,0.11687464175984491,0.0650416239016082,0.024188044221190287,Run12-spot24.DTA.csv
0.057,0.1665,0.2785,0.498,10.813316297216884,1.607790768461126,1.4264909384228908,0.11224713262953705,0.05993626533782878,0.024597406413907723,Run12-spot25.DTA.csv
0.0325,0.1485,0.3818,0.4372,9.49923270526138,1.637231842822632,1.4330738709534583,0.11577679933722314,0.06579811517819177,0.022060762777143635,Run12-spot26.DTA.csv
0.3487,0.1658,0.0403,0.4453,11.738627909104974,1.7277303881334312,1.4347503121462657,0.15719741277851268,0.06271348743099137,0.015758873180126923,Run12-spot27.DTA.csv
0.2591,0.1626,0.0641,0.5142,8.298807488660119,1.642085040192319,1.420410800994934,0.11416616637204909,0.0646276716972361,0.017205639435325715,Run12-spot28.DTA.csv
0.1853,0.1616,0.0819,0.5712,8.743686283015926,1.6516363310060864,1.4398307552985004,0.13383339620360016,0.05748435298540183,0.01977220027614345,Run12-spot29.DTA.csv
0.0808,0.5361,0.1358,0.2474,8.958593014986022,1.6933652635620917,1.3800041549681314,0.07563349916263097,0.07793183558298718,0.010310854117624405,Run12-spot3.DTA.csv
0.1339,0.1461,0.111,0.609,9.512703216669445,1.6260745315722311,1.4405031685934506,0.12755247415325008,0.058372398451187475,0.02198672254041256,Run12-spot30.DTA.csv
0.0845,0.1323,0.1546,0.6286,27.059768467908395,1.7427655145475451,1.538631078381692,0.17612966501911134,0.04070846094709422,0.033993461742512755,Run12-spot31.DTA.csv
0.0586,0.1262,0.2125,0.6028,11.983775226631689,1.6109039167026304,1.4408621832100847,0.12103201402913265,0.04350063583751447,0.02135932894606186,Run12-spot32.DTA.csv
0.0384,0.1138,0.3177,0.53,11.17669829286182,1.572616153798464,1.429788268179257,0.1207952210700013,0.05560528416202201,0.02328444628796376,Run12-spot33.DTA.csv
0.3825,0.1256,0.0314,0.4604,5.172646464680578,1.565892430051161,1.423106752759265,0.12132899034201299,0.014114395334382484,0.0024473397047384536,Run12-spot34.DTA.csv
0.1988,0.1146,0.0741,0.6124,9.244762791042085,1.6456682114057108,1.4470602741579495,0.13118137259289783,0.06246456755792143,0.02211653606330069,Run12-spot36.DTA.csv
0.1375,0.1015,0.094,0.667,10.798011230124038,1.5812020842906434,1.4318314130061336,0.12218243841362363,0.053826576510911245,0.021122566559281526,Run12-spot37.DTA.csv
0.0943,0.0959,0.1192,0.6906,11.799913997748527,1.5439393755408728,1.4167296446255917,0.11356869249385858,0.05869518822289976,0.023245423235122145,Run12-spot38.DTA.csv
0.0639,0.0957,0.1638,0.6766,11.484199246580062,1.562918340182516,1.426180661680357,0.11742159671000847,0.05793290485068201,0.024273674773076036,Run12-spot39.DTA.csv
0.056,0.5051,0.1957,0.2432,10.019732298330888,1.6967515783377694,1.3833750708086638,0.07008268552697056,0.08408151641746203,0.010484675549960371,Run12-spot4.DTA.csv
0.0411,0.0921,0.2475,0.6193,10.518700907085003,1.6023551775551803,1.4484046522737624,0.12757254850371788,0.05242378953475932,0.023183739422966396,Run12-spot40.DTA.csv
0.305,0.0882,0.0446,0.5621,8.277253813467732,1.680645381035838,1.4887762846183026,0.16038291860549536,0.037818951070222824,0.011965711666987993,Run12-spot41.DTA.csv
0.2233,0.0864,0.0585,0.6318,11.461946890949429,1.540158685237071,1.4075774794411657,0.09940330713163868,0.04196159577447489,0.013391157578175526,Run12-spot42.DTA.csv
0.1515,0.0731,0.0734,0.7019,9.331794230106349,1.671248657412509,1.4635675927698066,0.1313115718580477,0.05329277418359226,0.02128797811696082,Run12-spot43.DTA.csv
0.104,0.0704,0.0958,0.7298,11.632398780204799,1.559279481358667,1.4318305608173425,0.11784348963721966,0.05220028022520405,0.020965662906336557,Run12-spot44.DTA.csv
0.0736,0.0714,0.1293,0.7257,12.058624919981943,1.5452768202353397,1.4153110399199216,0.1086868327982719,0.05472200452588027,0.021957590013059754,Run12-spot45.DTA.csv
0.0432,0.4529,0.268,0.2359,9.213462081654207,1.6773527753169506,1.3866113795930084,0.08659211750532576,0.07964802463723814,0.014977240830758961,Run12-spot5.DTA.csv
0.2389,0.4308,0.0492,0.2811,8.362567481047583,1.6862156247389168,1.3885720383688973,0.09689759387111091,0.0737324485289886,0.011511659918578977,Run12-spot6.DTA.csv
0.1764,0.426,0.0821,0.3154,8.094597317102155,1.6799804899436268,1.4052054397264566,0.10551891893796475,0.08479132109378311,0.01546210618199528,Run12-spot7.DTA.csv
0.1294,0.4334,0.1083,0.3288,8.923576342775313,1.643221385400114,1.4076451882143632,0.10291658199892706,0.07155651245749643,0.01657013917501936,Run12-spot8.DTA.csv
0.0919,0.4174,0.1613,0.3294,9.209866030275691,1.6365609887592505,1.4162342966910806,0.11113180832097569,0.07353012899420913,0.020355589346413346,Run12-spot9.DTA.csv
0.1874,0.109,0.5628,0.1409,13.117788793567698,1.746128895301918,1.3599877706530348,0.29999999999999954,0.060440808240301444,0.01162254390387649,Run9-2-spot31.DTA.csv
0.139,0.1152,0.5325,0.2133,11.430053046371334,1.7106536894377937,1.3778098040507245,0.08423956542428494,0.07543352012521427,0.013535344375983764,Run9-2-spot32.DTA.csv
0.116,0.1212,0.459,0.3037,9.390247015827596,1.701625358722558,1.407879134973239,0.10756782656284122,0.07535958721084937,0.019439765071368624,Run9-2-spot33.DTA.csv
0.6525,0.1073,0.2393,0.0009,11.316834014272839,1.7538417203296957,1.2222780420556238,0.07323230408209341,0.07344672578870597,0.005477874047627187,Run9-2-spot34.DTA.csv
0.5396,0.1063,0.3239,0.0302,11.556865665556167,1.7529292431445573,1.2237919432087425,0.07895180879829088,0.07615199320957124,0.004229361970712022,Run9-2-spot35.DTA.csv
0.4261,0.1038,0.4185,0.0516,11.383381102827263,1.7643879156359037,1.235031915913519,0.08035377069586278,0.07162199431995886,0.0024894028925501513,Run9-2-spot36.DTA.csv
0.2963,0.1031,0.5191,0.0815,11.857222128436964,1.7583965013595102,1.2535688998712253,0.096035526306627,0.07976053937171028,0.002626324125899393,Run9-2-spot37.DTA.csv
0.2058,0.0902,0.5836,0.1204,12.277294782433561,1.7470477651412932,1.3483247718855802,0.05260736839702698,0.07055026123172765,0.0030998922347035356,Run9-2-spot38.DTA.csv
0.1568,0.0941,0.5826,0.1665,11.845840324590947,1.719183291671543,1.364289110537269,0.05470830351823466,0.07810285117891307,0.00869112434262649,Run9-2-spot39.DTA.csv
0.1267,0.1018,0.5288,0.2426,10.054743345040528,1.7106097609930209,1.3809209649248924,0.06937879807726029,0.07863262657578492,0.012705616423990762,Run9-2-spot40.DTA.csv
0.5787,0.0904,0.3089,0.0221,11.084749371679592,1.7632222957884296,1.2464094303486295,0.06520733678135508,0.0815567869066171,0.0017832198321935911,Run9-2-spot41.DTA.csv
0.4636,0.0972,0.3994,0.0398,11.611595453648038,1.767371442161864,1.2674709576421725,0.07393526961490769,0.08449016689247074,0.0012344426705855056,Run9-2-spot42.DTA.csv
0.3342,0.093,0.509,0.0637,12.09743694777287,1.763013326545333,1.2917735437772966,0.07571907512333284,0.08110990191107423,0.0014743020332150386,Run9-2-spot43.DTA.csv
0.238,0.0902,0.5812,0.0905,12.71609286659724,1.7546503350739515,1.3432923588550616,0.05723168926760377,0.07766125160019477,0.0021968180490571443,Run9-2-spot44.DTA.csv
0.1802,0.0875,0.5998,0.1325,12.519360643231654,1.7486900861326462,1.3591202651170107,0.05195980741316562,0.07293255928486095,0.0033095811987872473,Run9-2-spot45.DTA.csv
0.2022,0.253,0.4393,0.1055,13.618641803190195,1.7653442297164565,1.2758440462770617,0.18525328453416226,0.09554528764223529,0.0023655214298909065,run11-2-spot1.DTA.csv
0.0811,0.141,0.5254,0.2524,9.076020527905143,1.6935653907881416,1.3988389865059319,0.0804460882266846,0.07497131335379734,0.013642531509541651,run11-2-spot10.DTA.csv
0.0588,0.1365,0.4358,0.3689,9.366146006569094,1.6748292329706553,1.4279593894502265,0.107826575903993,0.06962849376386943,0.021889510226708736,run11-2-spot11.DTA.csv
0.0417,0.1253,0.3351,0.4979,9.644674606892698,1.617845301232195,1.4321231654512112,0.1178686597802842,0.06200037453546807,0.022571353862126012,run11-2-spot12.DTA.csv
0.3362,0.1524,0.449,0.0624,12.53501277864419,1.7701549819329576,1.2538980688240862,0.08681840334881549,0.08667666480671868,0.0027229186327147447,run11-2-spot13.DTA.csv
0.2435,0.1388,0.5317,0.0859,13.128591853928759,1.7612773710203602,1.3285327070587243,0.08685158094784862,0.08876399347714654,0.0025075119346319855,run11-2-spot14.DTA.csv
0.1622,0.1254,0.596,0.1164,12.646377636446587,1.7440509342966561,1.3579404472413779,0.05347285798826559,0.09457967733224973,0.005940951934216101,run11-2-spot15.DTA.csv
0.11,0.1056,0.6252,0.1591,12.086225085145433,1.7387566062796052,1.3711913738017365,0.05379573325479212,0.09080221208789248,0.008006218431515008,run11-2-spot16.DTA.csv
0.0767,0.0953,0.6023,0.2257,10.910360837862484,1.7121336235043312,1.3889158229116307,0.07594347188129381,0.08809172398079647,0.016086817734653345,run11-2-spot17.DTA.csv
0.0628,0.1019,0.5044,0.3309,9.857433976889943,1.6432865225765632,1.43968898292154,0.11037217295177366,0.06464571794356506,0.020019959654092076,run11-2-spot18.DTA.csv
0.0462,0.0917,0.3914,0.4706,11.240573801143231,1.5883434220372992,1.4348399562184888,0.11488216396502837,0.05962254808785136,0.024940426994588507,run11-2-spot19.DTA.csv
0.1438,0.2394,0.4781,0.1387,11.939060813793079,1.7206688858296069,1.3523224589944265,0.08777915390834526,0.08114346495596128,0.006883538244974875,run11-2-spot2.DTA.csv
0.3742,0.1144,0.455,0.0564,13.20383631234433,1.7637305462395805,1.206814454837863,0.10883158876720146,0.0819332444007194,0.010297208743814278,run11-2-spot20.DTA.csv
0.2761,0.1084,0.5391,0.0763,11.581071662095802,1.7593982650452624,1.229725432847484,0.1225682261726073,0.05758823569866923,0.003023386533565241,run11-2-spot21.DTA.csv
0.1827,0.0979,0.6123,0.1072,12.494076147326572,1.7623028638138885,1.360273324700942,0.07687922219830559,0.08548585841850033,0.004360659155277614,run11-2-spot22.DTA.csv
0.1146,0.0824,0.6623,0.1406,13.07097509450677,1.7455458873995369,1.3618213211003634,0.055498708368148214,0.11373214132622653,0.007321836217439531,run11-2-spot23.DTA.csv
0.0795,0.07,0.6574,0.1931,12.234508868773947,1.7065572087932472,1.3793325220939547,0.06676474463584028,0.10012781643648122,0.017826925552257733,run11-2-spot24.DTA.csv
0.0603,0.0688,0.584,0.2869,9.465669337676967,1.7120683648067694,1.410326317453305,0.08915602874444446,0.0925614063524937,0.020299380933287536,run11-2-spot25.DTA.csv
0.0512,0.0723,0.4638,0.4127,9.13605405274482,1.6633015332204713,1.4332698793028182,0.11315848477718507,0.07838363806777068,0.024952055077062982,run11-2-spot26.DTA.csv
0.4153,0.0994,0.439,0.0463,12.40668513836934,1.7843850234060357,1.2437321964862886,0.07168315544292267,0.09247625500006638,0.002723263033382029,run11-2-spot27.DTA.csv
0.3132,0.0937,0.5264,0.0667,13.04897768000803,1.7752600834221182,1.2739773721620968,0.10258066757826129,0.0808208113213495,0.0014980425665560924,run11-2-spot28.DTA.csv
0.2173,0.0732,0.615,0.0945,14.798466826693668,1.7753365592999457,1.3824570321967107,0.08256025188993407,0.09338481635903466,0.0015412296424019477,run11-2-spot29.DTA.csv
0.1079,0.2247,0.4793,0.1881,11.377808825563921,1.7022136012915994,1.3740805894658554,0.0861950702554487,0.08165983386193874,0.013044236054238987,run11-2-spot3.DTA.csv
0.133,0.0667,0.6788,0.1215,14.421253669058792,1.7661253059680273,1.363967587661157,0.04980079979151184,0.11250679447720222,0.003756205536248106,run11-2-spot30.DTA.csv
0.0874,0.0536,0.6995,0.1595,12.30438663122223,1.727856439292229,1.4140494168042148,0.13734219319186866,0.07902286930702508,0.01782878711200232,run11-2-spot31.DTA.csv
0.0609,0.0549,0.6538,0.2304,11.593676577113992,1.7006267504010562,1.401864652220433,0.08177584107183256,0.07987137326934234,0.018668695207141307,run11-2-spot32.DTA.csv
0.0507,0.0578,0.5548,0.3367,9.452661976503741,1.7352728692932282,1.444587714109898,0.12515717143099953,0.08060783939398317,0.023857018015829394,run11-2-spot33.DTA.csv
0.449,0.0801,0.4301,0.0408,12.139757346935049,1.7856281345757028,1.244570641377021,0.07814419719621746,0.08484351839440814,0.003238862968704353,run11-2-spot34.DTA.csv
0.0743,0.2115,0.4438,0.2703,8.734982700829821,1.6972684278973669,1.3977254187678023,0.07540717542369742,0.0933112937209923,0.010485572284984519,run11-2-spot4.DTA.csv
0.0541,0.1918,0.3745,0.3796,9.434358636982802,1.6747449682927766,1.4270986359592976,0.11579707817792466,0.07222136263925537,0.021390430066486894,run11-2-spot5.DTA.csv
0.3033,0.1987,0.4302,0.0678,12.632092533824872,1.7647455448931377,1.2403257982169513,0.09486181351254269,0.08481332580330113,0.0038656103658800166,run11-2-spot6.DTA.csv
0.2191,0.1881,0.4972,0.0956,12.6954907551475,1.7534536927224078,1.3453003675905588,0.06877320693320692,0.08004125310626942,0.0029674144172566067,run11-2-spot7.DTA.csv
0.1544,0.1669,0.5517,0.127,12.176165942872448,1.7413163515463213,1.3591949847338947,0.06132057975882426,0.09546087770922891,0.0063863784492442545,run11-2-spot8.DTA.csv
0.1015,0.1495,0.5707,0.1783,11.934178224005874,1.7254894045954616,1.370370142117275,0.06264927587955121,0.10890069554434711,0.011189323647461329,run11-2-spot9.DTA.csv
0.3194,0.3605,0.2653,0.0549,12.78666939024059,1.7309658153168284,1.226143658623022,0.08152274344281774,0.0831040772829352,0.006784672035960951,run9-2-spot1.DTA.csv
0.2331,0.3578,0.3196,0.0895,11.69023012694256,1.6928781684541847,1.3636050625622649,0.10336795231809917,0.07672843561084507,0.012876932605972996,run9-2-spot10-2.DTA.csv
0.1472,0.2485,0.3952,0.2091,11.330358308070617,1.6905487138523534,1.3549329956847447,0.10559970993216954,0.08531618698442911,0.014228760493991854,run9-2-spot10.DTA.csv
0.1189,0.2495,0.3333,0.2983,9.287668061683528,1.6929884806232596,1.3957335171662117,0.11388773013152349,0.07651287257956471,0.01738467609873048,run9-2-spot11.DTA.csv
0.0875,0.2336,0.2712,0.4077,8.76060712667597,1.6992881398223978,1.446286429046376,0.1406579551918561,0.06960080119328557,0.022375406680502183,run9-2-spot12.DTA.csv
0.5202,0.203,0.2568,0.0199,12.081867518109865,1.7515954249269527,1.22551440460746,0.07356544437131171,0.07847138476285313,0.005270609800967464,run9-2-spot13.DTA.csv
0.3991,0.2076,0.3451,0.0482,12.167855976085793,1.761452826352028,1.2267257378175012,0.07720400795982849,0.08484633557771451,0.00474259733561538,run9-2-spot14.DTA.csv
0.2945,0.1966,0.4287,0.0802,12.495905599484058,1.7519610045635816,1.2429035697123234,0.09197202725698692,0.08302025612952449,0.00384850665119673,run9-2-spot15.DTA.csv
0.2084,0.1914,0.4746,0.1256,11.83771670551732,1.7410725039693824,1.324017162716967,0.07395872436010122,0.08384323777087203,0.004353707283229122,run9-2-spot16.DTA.csv
0.2331,0.3578,0.3196,0.0895,12.056109891486871,1.7149100729959152,1.3347114026761446,0.11544842536762306,0.0735263573076759,0.009731318950552327,run9-2-spot17-2.DTA.csv
0.1589,0.189,0.4596,0.1924,11.168880202590202,1.7023141425010087,1.3585782678415792,0.07478305683167387,0.07650693806735412,0.010650892802002189,run9-2-spot17.DTA.csv
0.129,0.1878,0.3963,0.2869,9.667597960071957,1.7069842521797631,1.3787137554279942,0.08916106778865025,0.07002310220017659,0.013241343104217908,run9-2-spot18.DTA.csv
0.1015,0.1821,0.3193,0.3972,9.391879631205981,1.6635694409333466,1.424917327900306,0.11575476326299697,0.06204129447583459,0.018278824761250458,run9-2-spot19.DTA.csv
0.2331,0.3578,0.3196,0.0895,12.302532006745864,1.7203511038418784,1.2472597343138105,0.09451633930164818,0.08043966925420565,0.007136332453490649,run9-2-spot2.DTA.csv
0.571,0.1548,0.2559,0.0183,11.31401598503537,1.7765915415345497,1.2262568872946429,0.07303335968625177,0.08039502287854745,0.002943753975911627,run9-2-spot20.DTA.csv
0.4437,0.1496,0.3574,0.0492,11.713386514005666,1.7706598037490298,1.2341719826181718,0.07464443078936454,0.0791698117349762,0.002583549742505901,run9-2-spot21.DTA.csv
0.3275,0.151,0.4458,0.0758,12.19873022977151,1.7553171341204696,1.2679585175407262,0.09275610146899153,0.06848001139483458,0.0017425029881869406,run9-2-spot22.DTA.csv
0.2299,0.1456,0.5111,0.1135,12.465372352250208,1.761025125364015,1.3237082794832276,0.06795148930583556,0.08139371330596394,0.0025575919147345066,run9-2-spot23.DTA.csv
0.1721,0.1389,0.5193,0.1697,11.661896151005271,1.7338582832065181,1.3545809222577316,0.053786229812744994,0.061237392012962334,0.004391862985410964,run9-2-spot24.DTA.csv
0.1406,0.1429,0.4636,0.2529,10.200169037027663,1.7145039158075728,1.3712551678399314,0.069500173227636,0.0788332675941529,0.011154719432772577,run9-2-spot25.DTA.csv
0.1102,0.1487,0.3793,0.3618,8.138633951587323,1.6680683720511644,1.4047739742610381,0.08405263398937066,0.0548589452851782,0.008655629141786034,run9-2-spot26.DTA.csv
0.6076,0.1243,0.2557,0.0124,11.00450055648018,1.7691447166256742,1.2470089228891974,0.06041587820546965,0.06714678898533341,0.0019857514039702587,run9-2-spot27.DTA.csv
0.5015,0.1228,0.3399,0.0358,11.54957472626217,1.7815945866064444,1.2522023057072758,0.07021553181967359,0.08575576782398858,0.001448177405232726,run9-2-spot28.DTA.csv
0.1772,0.3511,0.3343,0.1374,11.28259383328361,1.705535481843743,1.3098893444830566,0.0988714459527777,0.08592048353475683,0.00854382948978067,run9-2-spot3.DTA.csv
0.2616,0.1167,0.5259,0.0957,12.923358376285993,1.7606310193259482,1.3336534555033301,0.06529071494916551,0.07911897652738738,0.0016633740661325053,run9-2-spot30.DTA.csv
0.1396,0.3413,0.3158,0.2032,10.103759410000531,1.6851685365092695,1.3511852437953678,0.09412268226115024,0.08654219357951518,0.013277466157566935,run9-2-spot4.DTA.csv
0.1026,0.3213,0.2827,0.2934,9.261103666840494,1.666150643736462,1.3940521315465815,0.11685628332584931,0.08501226851044677,0.01993075097451197,run9-2-spot5.DTA.csv
0.456,0.2622,0.2536,0.0282,12.323902479664032,1.746787003479711,1.2221021552995028,0.07772492039588293,0.08244685039866641,0.006966776454336725,run9-2-spot6.DTA.csv
0.3536,0.2671,0.3249,0.0544,12.571508505992396,1.7489784008783535,1.2255428756380404,0.08118791816997398,0.08612642025396297,0.006039182865431655,run9-2-spot7.DTA.csv
0.2653,0.2573,0.39,0.0874,11.955872045685906,1.7441590035519554,1.2483611306932445,0.08888967845070053,0.09033283188693458,0.005492182878662428,run9-2-spot8.DTA.csv
0.1933,0.2502,0.4159,0.1406,12.192221646734392,1.732025607126853,1.3024015075690212,0.10032080974431239,0.09568983878346096,0.00334448772568631,run9-2-spot9.DTA.csv
